DROP SCHEMA IF EXISTS S3_APP2 CASCADE;
CREATE SCHEMA S3_APP2;
SET search_path = S3_APP2, pg_catalog;

CREATE TABLE CAMPUS
(
    Camp_id VARCHAR(16) NOT NULL,
    Camp_nom VARCHAR(128) NOT NULL,
    PRIMARY KEY (Camp_id)
);

CREATE TABLE PAVILLON
(
    Pav_id VARCHAR(16) NOT NULL,
    Pav_nom VARCHAR(128) NOT NULL,
    Camp_id VARCHAR(16) NOT NULL,
    PRIMARY KEY (Pav_id),
    FOREIGN KEY (Camp_id) REFERENCES CAMPUS(Camp_id)
);

CREATE TABLE CARACTERISTIQUE
(
    Carac_id VARCHAR(16) NOT NULL,
    Carac_nom VARCHAR(128) NOT NULL,
    PRIMARY KEY (Carac_id)
);

CREATE TABLE FONCTION
(
    Fonc_id VARCHAR(16) NOT NULL,
    Fonc_nom VARCHAR(128) NOT NULL,
    PRIMARY KEY (Fonc_id)
);

CREATE TABLE LOGBOOK
(
    Date DATE NOT NULL,
    Log_id VARCHAR(16) NOT NULL,
    Heure TIME NOT NULL,
    PRIMARY KEY (Log_id)
);

CREATE TABLE DEPARTEMENT
(
    Dep_nom VARCHAR(128) NOT NULL,
    Dep_id VARCHAR(16) NOT NULL,
    Pav_id VARCHAR(16) NOT NULL,
    PRIMARY KEY (Dep_id),
    FOREIGN KEY (Pav_id) REFERENCES PAVILLON(Pav_id)
);

CREATE TABLE LOCAL
(
    Local_num INT NOT NULL,
    Capacite INT NOT NULL,
    Notes VARCHAR(1024),
    Pav_id VARCHAR(16) NOT NULL,
    PRIMARY KEY (Local_num, Pav_id),
    FOREIGN KEY (Pav_id) REFERENCES PAVILLON(Pav_id)
);

CREATE TABLE MEMBRE
(
    Cip VARCHAR(8) NOT NULL,
    Prenom VARCHAR(32) NOT NULL,
    Nom VARCHAR(32) NOT NULL,
    Dep_id VARCHAR(16) NOT NULL,
    Log_id VARCHAR(16) NOT NULL,
    PRIMARY KEY (Cip),
    FOREIGN KEY (Dep_id) REFERENCES DEPARTEMENT(Dep_id),
    FOREIGN KEY (Log_id) REFERENCES LOGBOOK(Log_id)
);

CREATE TABLE RESERVATION
(
    Heure_debut TIME NOT NULL,
    Heure_fin TIME NOT NULL,
    _Nb_places INT NOT NULL,
    Reserve_id VARCHAR(16) NOT NULL,
    Date DATE NOT NULL,
    Description VARCHAR(1024),
    Cip VARCHAR(8) NOT NULL,
    Local_num INT NOT NULL,
    Pav_id VARCHAR(16) NOT NULL,
    Log_id VARCHAR(16) NOT NULL,
    PRIMARY KEY (Reserve_id),
    FOREIGN KEY (Cip) REFERENCES MEMBRE(Cip),
    FOREIGN KEY (Local_num, Pav_id) REFERENCES LOCAL(Local_num, Pav_id),
    FOREIGN KEY (Log_id) REFERENCES LOGBOOK(Log_id)
);

CREATE TABLE STATUT
(
    Statut_id VARCHAR(16) NOT NULL,
    Statut_nom VARCHAR(128) NOT NULL,
    Cip VARCHAR(8) NOT NULL,
    PRIMARY KEY (Statut_id),
    FOREIGN KEY (Cip) REFERENCES MEMBRE(Cip)
);

CREATE TABLE CUBICULE
(
    Num_cubicule INT NOT NULL,
    Local_num INT NOT NULL,
    Pav_id VARCHAR(16) NOT NULL,
    PRIMARY KEY (Num_cubicule, Local_num, Pav_id),
    FOREIGN KEY (Local_num, Pav_id) REFERENCES LOCAL(Local_num, Pav_id)
);

CREATE TABLE comprendFonction
(
    Local_num INT NOT NULL,
    Pav_id VARCHAR(16) NOT NULL,
    Fonc_id VARCHAR(16) NOT NULL,
    PRIMARY KEY (Local_num, Pav_id, Fonc_id),
    FOREIGN KEY (Local_num, Pav_id) REFERENCES LOCAL(Local_num, Pav_id),
    FOREIGN KEY (Fonc_id) REFERENCES FONCTION(Fonc_id)
);

CREATE TABLE comprendCaracteristique
(
    Local_num INT NOT NULL,
    Pav_id VARCHAR(16) NOT NULL,
    Carac_id VARCHAR(16) NOT NULL,
    PRIMARY KEY (Local_num, Pav_id, Carac_id),
    FOREIGN KEY (Local_num, Pav_id) REFERENCES LOCAL(Local_num, Pav_id),
    FOREIGN KEY (Carac_id) REFERENCES CARACTERISTIQUE(Carac_id)
);

CREATE TABLE STATUT_Privileges
(
    Privileges VARCHAR(1024) NOT NULL,
    Statut_id VARCHAR(16) NOT NULL,
    PRIMARY KEY (Privileges, Statut_id),
    FOREIGN KEY (Statut_id) REFERENCES STATUT(Statut_id)
);

INSERT INTO CAMPUS VALUES (1, 'Campus Principal');
INSERT INTO CAMPUS VALUES (2, 'Campus Medecine');
INSERT INTO CAMPUS VALUES (3, 'Campus Longueur');
INSERT INTO PAVILLON VALUES('C1', 'J Armand Bombardier',1);
INSERT INTO PAVILLON VALUES('C2', 'J.-Armand-Bombardier',1);
INSERT INTO PAVILLON VALUES('D7', 'Centre universitaire de formation en environnement et developpement durable',1);
INSERT INTO caracteristique VALUES (0, 'Connexion à Internet');
INSERT INTO caracteristique VALUES (1, 'Tables fixes en U et chaises mobiles');
INSERT INTO caracteristique VALUES (2, 'Monoplaces');
INSERT INTO caracteristique VALUES (3, 'Tables fixes et chaises fixes');
INSERT INTO caracteristique VALUES (6, 'Tables pour 2 ou + et chaises mobiles');
INSERT INTO caracteristique VALUES (7, 'Tables mobiles et chaises mobiles');
INSERT INTO caracteristique VALUES (8, 'Tables hautes et chaises hautes');
INSERT INTO caracteristique VALUES (9, ' Tables fixes et chaises mobiles');
INSERT INTO caracteristique VALUES (11, ' Écran');
INSERT INTO caracteristique VALUES (14, 'Rétroprojecteur');
INSERT INTO caracteristique VALUES (15, 'Gradins');
INSERT INTO caracteristique VALUES (16, ' Fenêtres');
INSERT INTO caracteristique VALUES (17, ' 1 piano');
INSERT INTO caracteristique VALUES (18, ' 2 pianos');
INSERT INTO caracteristique VALUES (19, ' Autres instruments');
INSERT INTO caracteristique VALUES (20, ' Système de son');
INSERT INTO caracteristique VALUES (21, 'Salle réservée (spéciale)');
INSERT INTO caracteristique VALUES (22, 'Ordinateurs PC');
INSERT INTO caracteristique VALUES (23, ' Ordinateurs SUN pour génie électrique');
INSERT INTO caracteristique VALUES (24, ' YOU GET FUCK');
INSERT INTO caracteristique VALUES (25, ' Ordinateurs (oscillomètre et multimètre)');
INSERT INTO caracteristique VALUES (26, 'Ordinateurs modélisation des structures');
INSERT INTO caracteristique VALUES (27, 'Ordinateurs PC');
INSERT INTO caracteristique VALUES (28, 'Équipement pour microélectronique');
INSERT INTO caracteristique VALUES (29, ' Équipement pour génie électrique');
INSERT INTO caracteristique VALUES (30, 'Ordinateurs et équipement pour mécatroni');
INSERT INTO caracteristique VALUES (31, 'Équipement métrologie');
INSERT INTO caracteristique VALUES (32, ' Équipement de machinerie');
INSERT INTO caracteristique VALUES (33, ' Équipement de géologie');
INSERT INTO caracteristique VALUES (34, 'Équipement pour la caractérisation');
INSERT INTO caracteristique VALUES (35, 'Équipement pour la thermodynamique');
INSERT INTO caracteristique VALUES (36, ' Équipement pour génie civil');
INSERT INTO caracteristique VALUES (37, 'Télévision');
INSERT INTO caracteristique VALUES (38, 'VHS');
INSERT INTO caracteristique VALUES (39, ' Hauts parleurs');
INSERT INTO caracteristique VALUES (40, 'Micro');
INSERT INTO caracteristique VALUES (41, ' Magnétophone à cassette');
INSERT INTO caracteristique VALUES (42, 'Amplificateur audio');
INSERT INTO caracteristique VALUES (43, 'Local barré');
INSERT INTO caracteristique VALUES (44, 'Prise réseau');
INSERT INTO local VALUES('C1', '1007', 21, 'Grand');
INSERT INTO locaux VALUES('C1', '2018', 10, 'Materiaux Composites');
INSERT INTO locaux VALUES('C1', '3041', 50);
INSERT INTO locaux VALUES('C1', '2055', 24);
INSERT INTO locaux VALUES('C1', '3014', 25, 'Laboratoire mecatronique');
INSERT INTO locaux VALUES('C1', '3027', 15, 'Petit laboratoire de elect');
INSERT INTO locaux VALUES('C1', '3016', 50);
INSERT INTO locaux VALUES('C1', '3018', 50);
INSERT INTO locaux VALUES('C1', '3024', 50);
INSERT INTO locaux VALUES('C1', '3035', 50);
INSERT INTO locaux VALUES('C1', '3007', 106, 'Avec console multi-media');
INSERT INTO locaux VALUES('C1', '3010', 30, 'Laboratoire de conception VLSI');
INSERT INTO locaux VALUES('C1', '4016', 91);
INSERT INTO locaux VALUES('C1', '4018', 10, 'Metallurgie');
INSERT INTO locaux VALUES('C1', '4019', 8, 'Laboratoire accessoire Atelier');
INSERT INTO locaux VALUES('C1', '4021', 28);
INSERT INTO locaux VALUES('C1', '4023', 108);
INSERT INTO locaux VALUES('C1', '4030', 25, 'Équipement photoelasticité');
INSERT INTO locaux VALUES('C1', '4028', 14);
INSERT INTO locaux VALUES('C1', '4008', 106);
INSERT INTO locaux VALUES('C1', '5012', 35, '8 cubicules');
INSERT INTO locaux VALUES('C1', '5026', 38, 'Ordinateurs');
INSERT INTO locaux VALUES('C1', '5028', 50, 'Ordinateurs');
INSERT INTO locaux VALUES('C1', '5001', 198, 'Avec console multi-media');
INSERT INTO locaux VALUES('C1', '5009', 50, 'Avec console multi-media');
INSERT INTO locaux VALUES('C1', '5006', 110, 'Avec console multi-media');
INSERT INTO locaux VALUES('C2', '0009', 100, 'Grand et equipe');
INSERT INTO locaux VALUES('C2', '1004', 30, 'Atelier geologie equipement');
INSERT INTO locaux VALUES('C2', '1015', 40, 'Laboratoire dhydraulique');
INSERT INTO locaux VALUES('C2', '1042', 21, 'Laboratoire chimie-physique');
INSERT INTO locaux VALUES('C2', '2040', 40, 'Laboratoire sans instrument');
INSERT INTO locaux VALUES('C2', '2514', 10);
INSERT INTO locaux VALUES('D7', '2018', 57);
INSERT INTO locaux VALUES('D7', '3001', 35);
INSERT INTO locaux VALUES('D7', '3002', 22);
INSERT INTO locaux VALUES('D7', '3007', 54);
INSERT INTO locaux VALUES('D7', '3009', 45);
INSERT INTO locaux VALUES('D7', '3010', 21);
INSERT INTO locaux VALUES('D7', '3011', 50);
INSERT INTO locaux VALUES('D7', '3012', 54);
INSERT INTO locaux VALUES('D7', '3013', 44);
INSERT INTO locaux VALUES('D7', '3014', 40);
INSERT INTO locaux VALUES('D7', '3015', 48);
INSERT INTO locaux VALUES('D7', '3016', 125, 'Avec console multi-media');
INSERT INTO locaux VALUES('D7', '3017', 45);
INSERT INTO locaux VALUES('D7', '3019', 48);
INSERT INTO locaux VALUES('D7', '3020', 35, 'Un mur est en fenetre');
INSERT INTO locaux VALUES('C1', '3041-1', 8, null,'C1', '3041');
INSERT INTO locaux VALUES('C1', '3041-2', 8, null,'C1', '3041');
INSERT INTO locaux VALUES('C1', '3041-3', 8, null,'C1', '3041');
INSERT INTO locaux VALUES('C1', '3041-4', 8, null,'C1', '3041');
INSERT INTO locaux VALUES('C1', '3041-5', 8, null,'C1', '3041');
INSERT INTO locaux VALUES('C1', '3041-6', 8, null,'C1', '3041');
INSERT INTO fonction VALUES (0110, 'Salle de classe générale');
INSERT INTO fonction VALUES (0111, 'Salle de classe spécialisée');
INSERT INTO fonction VALUES (0120, 'Salle de séminaire');
INSERT INTO fonction VALUES (0121, 'Cubicules');
INSERT INTO fonction VALUES (0210, 'Laboratoire informatique');
INSERT INTO fonction VALUES (0211, 'Laboratoire denseignement spécialisé');
INSERT INTO fonction VALUES (0212, 'Atelier');
INSERT INTO fonction VALUES (0213, 'Salle à dessin');
INSERT INTO fonction VALUES (0214, 'Atelier (civil)');
INSERT INTO fonction VALUES (0215, ' Salle de musique');
INSERT INTO fonction VALUES (0216, 'Atelier sur 2 étages, conjoint avec autre local');
INSERT INTO fonction VALUES (0217, 'Salle de conférence');
INSERT INTO fonction VALUES (0372, 'Salle de réunion');
INSERT INTO fonction VALUES (0373, 'Salle dentrevue et de tests');
INSERT INTO fonction VALUES (0510, 'Salle de lecture ou de consultation');
INSERT INTO fonction VALUES (0620, 'Auditorium');
INSERT INTO fonction VALUES (0625, 'Salle de concert');
INSERT INTO fonction VALUES (0640, 'Salle daudience');
INSERT INTO fonction VALUES (0930, 'Salon du personnel');
INSERT INTO fonction VALUES (1030, 'Studio denregistrement');
INSERT INTO fonction VALUES (1260, 'Hall dentrée');
INSERT INTO LOCALCARACTERISTIQUE VALUES(30, '3014', 'C1');
INSERT INTO LOCALCARACTERISTIQUE VALUES(22, '3035', 'C1');
INSERT INTO LOCALCARACTERISTIQUE VALUES(11, '3041', 'C1');
INSERT INTO LOCALCARACTERISTIQUE VALUES(22, '3041', 'C1');
INSERT INTO LOCALCARACTERISTIQUE VALUES(11, '3007', 'C1');
INSERT INTO LOCALCARACTERISTIQUE VALUES(14, '3007', 'C1');
INSERT INTO LOCALCARACTERISTIQUE VALUES(24, '3007', 'C1');
INSERT INTO LOCALCARACTERISTIQUE VALUES(38, '3007', 'C1');
INSERT INTO LOCALCARACTERISTIQUE VALUES(40, '3007', 'C1');
INSERT INTO LOCALCARACTERISTIQUE VALUES(11, '4016', 'C1');
INSERT INTO LOCALCARACTERISTIQUE VALUES(14, '4016', 'C1');
INSERT INTO LOCALCARACTERISTIQUE VALUES(40, '4016', 'C1');
INSERT INTO LOCALCARACTERISTIQUE VALUES(24, '4016', 'C1');
INSERT INTO LOCALCARACTERISTIQUE VALUES(22, '4021', 'C1');
INSERT INTO LOCALCARACTERISTIQUE VALUES(11, '4023', 'C1');
INSERT INTO LOCALCARACTERISTIQUE VALUES(14, '4023', 'C1');
INSERT INTO LOCALCARACTERISTIQUE VALUES(24, '4023', 'C1');
INSERT INTO LOCALCARACTERISTIQUE VALUES(38, '4023', 'C1');
INSERT INTO LOCALCARACTERISTIQUE VALUES(40, '4023', 'C1');
INSERT INTO LOCALCARACTERISTIQUE VALUES(22, '4028', 'C1');
INSERT INTO LOCALCARACTERISTIQUE VALUES(11, '4008', 'C1');
INSERT INTO LOCALCARACTERISTIQUE VALUES(14, '4008', 'C1');
INSERT INTO LOCALCARACTERISTIQUE VALUES(24, '4008', 'C1');
INSERT INTO LOCALCARACTERISTIQUE VALUES(38, '4008', 'C1');
INSERT INTO LOCALCARACTERISTIQUE VALUES(40, '4008', 'C1');
INSERT INTO LOCALCARACTERISTIQUE VALUES(11, '5026', 'C1');
INSERT INTO LOCALCARACTERISTIQUE VALUES(14, '5026', 'C1');
INSERT INTO LOCALCARACTERISTIQUE VALUES(22, '5026', 'C1');
INSERT INTO LOCALCARACTERISTIQUE VALUES(11, '5028', 'C1');
INSERT INTO LOCALCARACTERISTIQUE VALUES(14, '5028', 'C1');
INSERT INTO LOCALCARACTERISTIQUE VALUES(22, '5028', 'C1');
INSERT INTO LOCALCARACTERISTIQUE VALUES(11, '5001', 'C1');
INSERT INTO LOCALCARACTERISTIQUE VALUES(14, '5001', 'C1');
INSERT INTO LOCALCARACTERISTIQUE VALUES(24, '5001', 'C1');
INSERT INTO LOCALCARACTERISTIQUE VALUES(38, '5001', 'C1');
INSERT INTO LOCALCARACTERISTIQUE VALUES(40, '5001', 'C1');
INSERT INTO LOCALCARACTERISTIQUE VALUES(11, '5009', 'C1');
INSERT INTO LOCALCARACTERISTIQUE VALUES(14, '5009', 'C1');
INSERT INTO LOCALCARACTERISTIQUE VALUES(24, '5009', 'C1');
INSERT INTO LOCALCARACTERISTIQUE VALUES(38, '5009', 'C1');
INSERT INTO LOCALCARACTERISTIQUE VALUES(40, '5009', 'C1');
INSERT INTO LOCALCARACTERISTIQUE VALUES(11, '5006', 'C1');
INSERT INTO LOCALCARACTERISTIQUE VALUES(14, '5006', 'C1');
INSERT INTO LOCALCARACTERISTIQUE VALUES(24, '5006', 'C1');
INSERT INTO LOCALCARACTERISTIQUE VALUES(38, '5006', 'C1');
INSERT INTO LOCALCARACTERISTIQUE VALUES(40, '5006', 'C1');
INSERT INTO LOCALCARACTERISTIQUE VALUES(33, '1004', 'C2');
INSERT INTO LOCALCARACTERISTIQUE VALUES(07, '2018', 'D7');
INSERT INTO LOCALCARACTERISTIQUE VALUES(11, '2018', 'D7');
INSERT INTO LOCALCARACTERISTIQUE VALUES(14, '2018', 'D7');
INSERT INTO LOCALCARACTERISTIQUE VALUES(43, '2018', 'D7');
INSERT INTO LOCALCARACTERISTIQUE VALUES(02, '3001', 'D7');
INSERT INTO LOCALCARACTERISTIQUE VALUES(11, '3001', 'D7');
INSERT INTO LOCALCARACTERISTIQUE VALUES(14, '3001', 'D7');
INSERT INTO LOCALCARACTERISTIQUE VALUES(02, '3002', 'D7');
INSERT INTO LOCALCARACTERISTIQUE VALUES(11, '3002', 'D7');
INSERT INTO LOCALCARACTERISTIQUE VALUES(14, '3002', 'D7');
INSERT INTO LOCALCARACTERISTIQUE VALUES(02, '3007', 'D7');
INSERT INTO LOCALCARACTERISTIQUE VALUES(11, '3007', 'D7');
INSERT INTO LOCALCARACTERISTIQUE VALUES(02, '3009', 'D7');
INSERT INTO LOCALCARACTERISTIQUE VALUES(11, '3009', 'D7');
INSERT INTO LOCALCARACTERISTIQUE VALUES(02, '3010', 'D7');
INSERT INTO LOCALCARACTERISTIQUE VALUES(11, '3010', 'D7');
INSERT INTO LOCALCARACTERISTIQUE VALUES(14, '3010', 'D7');
INSERT INTO LOCALCARACTERISTIQUE VALUES(02, '3011', 'D7');
INSERT INTO LOCALCARACTERISTIQUE VALUES(11, '3011', 'D7');
INSERT INTO LOCALCARACTERISTIQUE VALUES(14, '3011', 'D7');
INSERT INTO LOCALCARACTERISTIQUE VALUES(02, '3012', 'D7');
INSERT INTO LOCALCARACTERISTIQUE VALUES(11, '3012', 'D7');
INSERT INTO LOCALCARACTERISTIQUE VALUES(14, '3012', 'D7');
INSERT INTO LOCALCARACTERISTIQUE VALUES(02, '3013', 'D7');
INSERT INTO LOCALCARACTERISTIQUE VALUES(11, '3013', 'D7');
INSERT INTO LOCALCARACTERISTIQUE VALUES(14, '3013', 'D7');
INSERT INTO LOCALCARACTERISTIQUE VALUES(02, '3014', 'D7');
INSERT INTO LOCALCARACTERISTIQUE VALUES(11, '3014', 'D7');
INSERT INTO LOCALCARACTERISTIQUE VALUES(14, '3014', 'D7');
INSERT INTO LOCALCARACTERISTIQUE VALUES(02, '3015', 'D7');
INSERT INTO LOCALCARACTERISTIQUE VALUES(11, '3015', 'D7');
INSERT INTO LOCALCARACTERISTIQUE VALUES(11, '3016', 'D7');
INSERT INTO LOCALCARACTERISTIQUE VALUES(14, '3016', 'D7');
INSERT INTO LOCALCARACTERISTIQUE VALUES(24, '3016', 'D7');
INSERT INTO LOCALCARACTERISTIQUE VALUES(39, '3016', 'D7');
INSERT INTO LOCALCARACTERISTIQUE VALUES(43, '3016', 'D7');
INSERT INTO LOCALCARACTERISTIQUE VALUES(02, '3017', 'D7');
INSERT INTO LOCALCARACTERISTIQUE VALUES(11, '3017', 'D7');
INSERT INTO LOCALCARACTERISTIQUE VALUES(14, '3017', 'D7');
INSERT INTO LOCALCARACTERISTIQUE VALUES(02, '3019', 'D7');
INSERT INTO LOCALCARACTERISTIQUE VALUES(11, '3019', 'D7');
INSERT INTO LOCALCARACTERISTIQUE VALUES(14, '3019', 'D7');
INSERT INTO LOCALCARACTERISTIQUE VALUES(02, '3020', 'D7');
INSERT INTO LOCALCARACTERISTIQUE VALUES(11, '3020', 'D7');
INSERT INTO LOCALCARACTERISTIQUE VALUES(14, '3020', 'D7');
INSERT INTO LOCALCARACTERISTIQUE VALUES(16, '3020', 'D7');
INSERT INTO LOCALFONCTION VALUES(0212, '1007', 'C1');
INSERT INTO LOCALFONCTION VALUES(0212, '2018', 'C1');
INSERT INTO LOCALFONCTION VALUES(0211, '2055', 'C1');
INSERT INTO LOCALFONCTION VALUES(0211, '3014', 'C1');
INSERT INTO LOCALFONCTION VALUES(0212, '3027', 'C1');
INSERT INTO LOCALFONCTION VALUES(0210, '3016', 'C1');
INSERT INTO LOCALFONCTION VALUES(0211, '3018', 'C1');
INSERT INTO LOCALFONCTION VALUES(0211, '3024', 'C1');
INSERT INTO LOCALFONCTION VALUES(0210, '3035', 'C1');
INSERT INTO LOCALFONCTION VALUES(0210, '3041', 'C1');
INSERT INTO LOCALFONCTION VALUES(0210, '3041-1', 'C1');
INSERT INTO LOCALFONCTION VALUES(0210, '3041-2', 'C1');
INSERT INTO LOCALFONCTION VALUES(0210, '3041-3', 'C1');
INSERT INTO LOCALFONCTION VALUES(0210, '3041-4', 'C1');
INSERT INTO LOCALFONCTION VALUES(0210, '3041-5', 'C1');
INSERT INTO LOCALFONCTION VALUES(0210, '3041-6', 'C1');
INSERT INTO LOCALFONCTION VALUES(0620, '3007', 'C1');
INSERT INTO LOCALFONCTION VALUES(0211, '3010', 'C1');
INSERT INTO LOCALFONCTION VALUES(0620, '4016', 'C1');
INSERT INTO LOCALFONCTION VALUES(0212, '4018', 'C1');
INSERT INTO LOCALFONCTION VALUES(0212, '4019', 'C1');
INSERT INTO LOCALFONCTION VALUES(0210, '4021', 'C1');
INSERT INTO LOCALFONCTION VALUES(0620, '4023', 'C1');
INSERT INTO LOCALFONCTION VALUES(0211, '4030', 'C1');
INSERT INTO LOCALFONCTION VALUES(0210, '4028', 'C1');
INSERT INTO LOCALFONCTION VALUES(0620, '4008', 'C1');
INSERT INTO LOCALFONCTION VALUES(0121, '5012', 'C1');
INSERT INTO LOCALFONCTION VALUES(0210, '5026', 'C1');
INSERT INTO LOCALFONCTION VALUES(0210, '5028', 'C1');
INSERT INTO LOCALFONCTION VALUES(0620, '5001', 'C1');
INSERT INTO LOCALFONCTION VALUES(0111, '5009', 'C1');
INSERT INTO LOCALFONCTION VALUES(0620, '5006', 'C1');
INSERT INTO LOCALFONCTION VALUES(0214, '0009', 'C2');
INSERT INTO LOCALFONCTION VALUES(0212, '1004', 'C2');
INSERT INTO LOCALFONCTION VALUES(0211, '1015', 'C2');
INSERT INTO LOCALFONCTION VALUES(0211, '1042', 'C2');
INSERT INTO LOCALFONCTION VALUES(0211, '2040', 'C2');
INSERT INTO LOCALFONCTION VALUES(0211, '2514', 'C2');
INSERT INTO LOCALFONCTION VALUES(0111, '2018', 'D7');
INSERT INTO LOCALFONCTION VALUES(0110, '3001', 'D7');
INSERT INTO LOCALFONCTION VALUES(0110, '3002', 'D7');
INSERT INTO LOCALFONCTION VALUES(0110, '3007', 'D7');
INSERT INTO LOCALFONCTION VALUES(0110, '3009', 'D7');
INSERT INTO LOCALFONCTION VALUES(0110, '3010', 'D7');
INSERT INTO LOCALFONCTION VALUES(0110, '3011', 'D7');
INSERT INTO LOCALFONCTION VALUES(0110, '3012', 'D7');
INSERT INTO LOCALFONCTION VALUES(0110, '3013', 'D7');
INSERT INTO LOCALFONCTION VALUES(0110, '3014', 'D7');
INSERT INTO LOCALFONCTION VALUES(0110, '3015', 'D7');
INSERT INTO LOCALFONCTION VALUES(0620, '3016', 'D7');
INSERT INTO LOCALFONCTION VALUES(0110, '3017', 'D7');
INSERT INTO LOCALFONCTION VALUES(0110, '3019', 'D7');
INSERT INTO LOCALFONCTION VALUES(0110, '3020', 'D7');
INSERT INTO DEPARTEMENT VALUES (2045, 'GEGI','C1');
INSERT INTO DEPARTEMENT VALUES (3698, 'GM','C2');
INSERT INTO DEPARTEMENT VALUES (2684, 'GB','D7');
INSERT INTO DEPARTEMENT VALUES (6994, 'GC','D7');
INSERT INTO MEMBRE VALUES ('pros9469', 'Shanay ','Proctor',2045);
INSERT INTO MEMBRE VALUES ('rode1234', 'Efa ','Rodrigues',2045);
INSERT INTO MEMBRE VALUES ('whih5621', 'Hana','White',2045);
INSERT INTO MEMBRE VALUES ('trec1684', 'Cecily','Trevino',2045);
INSERT INTO MEMBRE VALUES ('osuy9769', 'Yasemin','OSullivan',2045);
INSERT INTO MEMBRE VALUES ('unda0521', 'Ajwa','Underwood',2045);
INSERT INTO MEMBRE VALUES ('crad9615', 'Dawood','Crawford',2045);
INSERT INTO MEMBRE VALUES ('nicm5632', 'Marnie','Nicholls',2045);
INSERT INTO MEMBRE VALUES ('curr7463', 'Reef','Curran',2045);
INSERT INTO MEMBRE VALUES ('clil9802', 'Luqman','Clifford',3698);
INSERT INTO MEMBRE VALUES ('sole9999', 'Eleni','Solis',3698);
INSERT INTO MEMBRE VALUES ('donl3626', 'Lacey','Donovan',3698);
INSERT INTO MEMBRE VALUES ('maci3256', 'Ian','Macdonald',3698);
INSERT INTO MEMBRE VALUES ('dawm8520', 'Malia','Dawson',3698);
INSERT INTO MEMBRE VALUES ('cons1563', 'Sneha','Conway',3698);
INSERT INTO MEMBRE VALUES ('murc6541', 'Cavan','Murillo',3698);
INSERT INTO MEMBRE VALUES ('dowa6542', 'Ariadne','Dowling',3698);
INSERT INTO MEMBRE VALUES ('howa4260', 'Alaina','Howells',3698);
INSERT INTO MEMBRE VALUES ('vegm1056', 'Marilyn','Vega',3698);
INSERT INTO MEMBRE VALUES ('core6000', 'Emilis','Cortes',2684);
INSERT INTO MEMBRE VALUES ('easl963', 'Lacy','East',2684);
INSERT INTO MEMBRE VALUES ('welg7895', 'Gerard','Wells',2684);
INSERT INTO MEMBRE VALUES ('cork7410', 'Kaylu','Cortez',2684);
INSERT INTO MEMBRE VALUES ('payk7562', 'Khadijah','Payne',2684);
INSERT INTO MEMBRE VALUES ('phed1235', 'Dua','Phelps',2684);
INSERT INTO MEMBRE VALUES ('rahk9841', 'Kaitlin ','Rahman',2684);
INSERT INTO MEMBRE VALUES ('spai6969', 'Ivan','Spanoza',2684);
INSERT INTO MEMBRE VALUES ('whia6248', 'Asia','Whitaker',2684);
INSERT INTO MEMBRE VALUES ('mclt9543', 'Fenella','Mclean',2684);
INSERT INTO MEMBRE VALUES ('gort4628', 'Timur','Gordon',2684);
INSERT INTO MEMBRE VALUES ('tie2640', 'Darien','Tierney',2684);
INSERT INTO MEMBRE VALUES ('mejd9562', 'Digby','Mejia',2684);
INSERT INTO MEMBRE VALUES ('sauk9562', 'Khalid','Saunders',6994);
INSERT INTO MEMBRE VALUES ('lonb9548', 'Bronte','Long',6994);
INSERT INTO MEMBRE VALUES ('majk6258', 'Kaitlin','Major',6994);
INSERT INTO MEMBRE VALUES ('molw3636', 'Wasim','Molina',6994);
INSERT INTO MEMBRE VALUES ('bulw4646', 'Wade','Bull',6994);
INSERT INTO MEMBRE VALUES ('core8472', 'Ehsan','Corbett',6994);
INSERT INTO MEMBRE VALUES ('nork9547', 'Kuba','Norton',6994);
INSERT INTO MEMBRE VALUES ('sima6532', 'Anja','Simmonds',6994);
INSERT INTO MEMBRE VALUES ('weib0215', 'Bronwyn','Weiss',6994);
INSERT INTO MEMBRE VALUES ('adab2130', 'Bianca','Adams',6994);
INSERT INTO MEMBRE VALUES ('bone3032', 'Enid','Bonilla',6994);
INSERT INTO MEMBRE VALUES ('owet1444', 'Tyla','Owens',6994);
INSERT INTO MEMBRE VALUES ('vilm6665', 'Margo','Villarreal',6994);
INSERT INTO MEMBRE VALUES ('watl1119', 'Lilah','Watt',6994);
INSERT INTO MEMBRE VALUES ('hotc5555', 'Clifford','Horne',6994);
INSERT INTO MEMBRE VALUES ('bakb0000', 'Beau','Baker',6994);
INSERT INTO MEMBRE VALUES ('knid1221', 'Dawud','Knight',6994);
INSERT INTO STATUT VALUES (0,'Administrateur');
INSERT INTO STATUT VALUES (1,'Etudiant');
INSERT INTO STATUT VALUES (2,'Professeur');
INSERT INTO STATUT VALUES (3,'Personel de soutien');
INSERT INTO STATUT VALUES (0,'pros9469');
INSERT INTO STATUT VALUES (1,'rode1234');
INSERT INTO STATUT VALUES (2,'whih5621');
INSERT INTO STATUT VALUES (3,'trec1684');
INSERT INTO STATUT VALUES (0,'osuy9769');
INSERT INTO STATUT VALUES (1,'unda0521');
INSERT INTO STATUT VALUES (2,'crad9615');
INSERT INTO STATUT VALUES (3,'nicm5632');
INSERT INTO STATUT VALUES (0,'curr7463');
INSERT INTO STATUT VALUES (1,'clil9802');
INSERT INTO STATUT VALUES (2,'sole9999');
INSERT INTO STATUT VALUES (3,'donl3626');
INSERT INTO STATUT VALUES (1,'maci3256');
INSERT INTO STATUT VALUES (2,'dawm8520');
INSERT INTO STATUT VALUES (3,'cons1563');
INSERT INTO STATUT VALUES (1,'murc6541');
INSERT INTO STATUT VALUES (2,'dowa6542');
INSERT INTO STATUT VALUES (3,'howa4260');
INSERT INTO STATUT VALUES (1,'vegm1056');
INSERT INTO STATUT VALUES (2,'core6000');
INSERT INTO STATUT VALUES (3,'easl963');
INSERT INTO STATUT VALUES (1,'welg7895');
INSERT INTO STATUT VALUES (2,'cork7410');
INSERT INTO STATUT VALUES (3,'payk7562');
INSERT INTO STATUT VALUES (1,'phed1235');
INSERT INTO STATUT VALUES (2,'rahk9841');
INSERT INTO STATUT VALUES (3,'spai6969');
INSERT INTO STATUT VALUES (1,'whia6248');
INSERT INTO STATUT VALUES (2,'mclt9543');
INSERT INTO STATUT VALUES (3,'gort4628');
INSERT INTO STATUT VALUES (1,'tie2640');
INSERT INTO STATUT VALUES (2,'mejd9562');
INSERT INTO STATUT VALUES (3,'sauk9562');
INSERT INTO STATUT VALUES (1,'lonb9548');
INSERT INTO STATUT VALUES (2,'majk6258');
INSERT INTO STATUT VALUES (3,'molw3636');
INSERT INTO STATUT VALUES (1,'bulw4646');
INSERT INTO STATUT VALUES (2,'core8472');
INSERT INTO STATUT VALUES (3,'nork9547');
INSERT INTO STATUT VALUES (1,'sima6532');
INSERT INTO STATUT VALUES (2,'weib0215');
INSERT INTO STATUT VALUES (3,'adab2130');
INSERT INTO STATUT VALUES (1,'bone3032');
INSERT INTO STATUT VALUES (2,'owet1444');
INSERT INTO STATUT VALUES (3,'vilm6665');
INSERT INTO STATUT VALUES (1,'watl1119');
INSERT INTO STATUT VALUES (2,'hotc5555');
INSERT INTO STATUT VALUES (3,'bakb0000');
INSERT INTO STATUT VALUES (0,'knid1221');

INSERT INTO RESERVATION VALUES (0, '1970-01-01 08:00:00', '1970-01-01 08:30:00', '3012', 'D7', 'pros9469');
INSERT INTO RESERVATION VALUES (1,'2021-09-28 08:00:00','2021-09-28 10:00:00','1007','C1','pros9469','Net Neutrality');
INSERT INTO RESERVATION VALUES (2,'2021-09-28 08:30:00','2021-09-28 10:00:00','2018','C1','cons1563','Big Data');
INSERT INTO RESERVATION VALUES (3,'2021-09-28 09:00:00','2021-09-28 10:00:00','2055','C1','rode1234','Data Mining');
INSERT INTO RESERVATION VALUES (4,'2021-09-28 10:00:00','2021-09-28 12:00:00','3014','C1','unda0521','Actionable Analytics');
INSERT INTO RESERVATION VALUES (5,'2021-09-28 11:00:00','2021-09-28 15:00:00','4019','C1','clil9802','Artificial Intelligence');
INSERT INTO RESERVATION VALUES (6,'2021-09-28 10:30:00','2021-09-28 16:00:00','4023','C1','donl3626','Machine Learning');
INSERT INTO RESERVATION VALUES (7,'2021-09-28 12:00:00','2021-09-28 18:45:00','3035','C1','howa4260','Personalization');
INSERT INTO RESERVATION VALUES (8,'2021-09-28 15:45:00','2021-09-28 16:00:00','0009','C2','vegm1056','Voice Recognition');
INSERT INTO RESERVATION VALUES (9,'2021-09-28 09:15:00','2021-09-28 12:00:00','2040','C2','core6000','Chatbots');
INSERT INTO RESERVATION VALUES (10,'2021-09-28 06:30:00','2021-09-28 09:00:00','1042','C2','easl963','Augmented Reality');
INSERT INTO RESERVATION VALUES (11,'2021-09-28 07:00:00','2021-09-28 10:00:00','1015','C2','welg7895','Virtual Reality');
INSERT INTO RESERVATION VALUES (12,'2021-09-28 11:00:00','2021-09-28 13:00:00','1015','C2','cork7410','Smart Industry 4.0');
INSERT INTO RESERVATION VALUES (13,'2021-09-28 08:45:00','2021-09-28 10:00:00','3010','D7','payk7562','Quantum Computing');
INSERT INTO RESERVATION VALUES (30,'2021-09-28 08:00:00','2021-09-28 10:00:00','3041-1','C1','rahk9841','Study 1');
INSERT INTO RESERVATION VALUES (31,'2021-09-28 08:00:00','2021-09-28 10:00:00','3041-2','C1','spai6969','Study 2');
--INSERT INTO RESERVATION VALUES (32,'2021-09-28 08:00:00','2021-09-28 10:00:00','3041-3','C1','whia6248','Study 3');
INSERT INTO RESERVATION VALUES (33,'2021-09-28 08:00:00','2021-09-28 10:00:00','3041-4','C1','mclt9543','Study 4');
INSERT INTO RESERVATION VALUES (34,'2021-09-28 08:00:00','2021-09-28 10:00:00','3041-5','C1','gort4628','Study 5');
INSERT INTO RESERVATION VALUES (35,'2021-09-28 08:00:00','2021-09-28 10:00:00','3041-6','C1','tie2640','Study 6');

--admin OP
INSERT INTO RESERVATION VALUES (15,'2022-09-28 09:00:00','2025-09-28 10:00:00','3010','D7','pros9469','Admin Op');

